dataset,seed,b,contraction,num_sets,universe,elements,baseline_bits,ceb_bits,baseline_bpe,ceb_bpe,H_bpe,L_bpe,saving_pct,baseline_total_bpe,ceb_total_bpe,total_saving_pct,ceb_build_ms,base_build_ms,max_depth,mean_depth,ceb_retrieve_us,ceb_rank_us,base_retrieve_us,base_rank_us,all_ok,num_ret,num_rank
nested,1,4,0,64,480,10511,32570,10392,3.0987,0.9887,1.9686,0.2384,68.0933,15.0955,10.8587,28.0666,11.7770,0.8880,63,31.5000,8.2510,9.1300,0.7585,0.7525,1,2000,2000
nested,1,4,1,64,480,10511,32570,17363,3.0987,1.6519,1.9686,1.0136,46.6902,15.0955,12.3642,18.0936,4.3480,0.8350,5,2.6094,0.6980,1.0375,0.6085,0.8170,1,2000,2000
nested,1,8,0,64,480,10511,28977,8160,2.7568,0.7763,1.9686,0.2384,71.8397,13.3152,10.2907,22.7143,4.2770,0.8570,63,31.5000,7.9240,9.8850,0.6705,0.8030,1,2000,2000
nested,1,8,1,64,480,10511,28977,15986,2.7568,1.5209,1.9686,1.0136,44.8321,13.3152,11.5466,13.2827,4.4990,1.2500,5,2.6094,0.7500,1.2785,0.6935,0.8950,1,2000,2000
nested,1,16,0,64,480,10511,26872,6778,2.5566,0.6448,1.9686,0.2384,74.7767,13.4486,10.1825,24.2859,4.3830,1.0020,63,31.5000,8.3710,12.9165,0.7235,1.0705,1,2000,2000
nested,1,16,1,64,480,10511,26872,14852,2.5566,1.4130,1.9686,1.0136,44.7306,13.4486,11.6924,13.0583,4.9590,1.5260,5,2.6094,0.9590,1.4915,0.6850,1.0315,1,2000,2000
nested,1,32,0,64,480,10511,24623,6413,2.3426,0.6101,1.9686,0.2384,73.9552,12.7913,10.3943,18.7387,4.4790,1.0440,63,31.5000,8.8870,14.6410,0.7640,1.1955,1,2000,2000
nested,1,32,1,64,480,10511,24623,13748,2.3426,1.3080,1.9686,1.0136,44.1660,12.7913,11.5254,9.8967,4.6220,1.0070,5,2.6094,0.6925,1.8855,0.7800,1.3425,1,2000,2000
nested,1,64,0,64,480,10511,24054,7324,2.2885,0.6968,1.9686,0.2384,69.5518,12.5151,10.8718,13.1300,4.7760,1.1130,63,31.5000,8.1405,20.2865,0.6430,1.6380,1,2000,2000
nested,1,64,1,64,480,10511,24054,13815,2.2885,1.3143,1.9686,1.0136,42.5667,12.5151,11.4972,8.1333,4.5550,1.1050,5,2.6094,0.6910,2.6555,0.7790,1.4265,1,2000,2000
nested,7,4,0,64,480,9676,32763,9767,3.3860,1.0094,2.0254,0.2543,70.1889,15.6570,10.8805,30.5069,3.8820,0.8300,63,31.5000,9.4710,9.4845,0.6285,0.7720,1,2000,2000
nested,7,4,1,64,480,9676,32763,16416,3.3860,1.6966,2.0254,1.0162,49.8947,15.6570,12.4309,20.6050,4.1670,0.8300,5,2.8438,0.7250,1.1230,0.6140,0.7310,1,2000,2000
nested,7,8,0,64,480,9676,28576,7679,2.9533,0.7936,2.0254,0.2543,73.1278,13.6322,10.3117,24.3577,3.9410,1.2920,63,31.5000,8.1405,10.8200,0.6890,0.8395,1,2000,2000
nested,7,8,1,64,480,9676,28576,15143,2.9533,1.5650,2.0254,1.0162,47.0080,13.6322,11.6182,14.7735,4.3960,0.9140,5,2.8438,1.1345,1.3065,0.7415,0.8745,1,2000,2000
nested,7,16,0,64,480,9676,26260,6474,2.7139,0.6691,2.0254,0.2543,75.3465,13.6780,10.2112,25.3453,4.2360,0.9580,63,31.5000,8.4385,12.0225,0.6485,0.8745,1,2000,2000
nested,7,16,1,64,480,9676,26260,14079,2.7139,1.4550,2.0254,1.0162,46.3861,13.6780,11.7484,14.1067,4.1180,0.9280,5,2.8438,0.7220,1.6235,0.6415,0.8820,1,2000,2000
nested,7,32,0,64,480,9676,23629,6245,2.4420,0.6454,2.0254,0.2543,73.5706,12.9273,10.4888,18.8632,3.9650,0.9850,63,31.5000,7.8270,14.5825,0.6495,1.0685,1,2000,2000
nested,7,32,1,64,480,9676,23629,13221,2.4420,1.3664,2.0254,1.0162,44.0476,12.9273,11.6124,10.1715,4.2890,1.0000,5,2.8438,0.7265,2.1210,0.6180,1.0485,1,2000,2000
nested,7,64,0,64,480,9676,23001,7395,2.3771,0.7643,2.0254,0.2543,67.8492,12.6221,10.9947,12.8927,4.1650,1.1510,63,31.5000,7.8970,20.4350,0.6345,1.4335,1,2000,2000
nested,7,64,1,64,480,9676,23001,13603,2.3771,1.4058,2.0254,1.0162,40.8591,12.6221,11.9058,5.6742,4.3190,1.0970,5,2.8438,0.7235,3.0680,0.6495,1.4310,1,2000,2000
nested,42,4,0,64,480,8714,31841,9073,3.6540,1.0412,2.1351,0.2808,71.5053,16.2069,10.9922,32.1759,3.5420,0.8090,63,31.5000,7.7020,8.8335,0.6295,0.7485,1,2000,2000
nested,42,4,1,64,480,8714,31841,15151,3.6540,1.7387,2.1351,1.0718,52.4167,16.2069,12.5429,22.6076,3.9500,0.8120,6,3.0781,0.7785,1.1665,0.6015,0.7310,1,2000,2000
nested,42,8,0,64,480,8714,27321,7266,3.1353,0.8338,2.1351,0.2808,73.4051,13.9772,10.4068,25.5441,3.5460,0.8230,63,31.5000,7.5070,9.8270,0.6705,0.7850,1,2000,2000
nested,42,8,1,64,480,8714,27321,13535,3.1353,1.5532,2.1351,1.0718,50.4594,13.9772,11.6469,16.6720,3.7210,0.8170,6,3.0781,0.7825,1.2850,0.6260,0.9150,1,2000,2000
nested,42,16,0,64,480,8714,25161,6226,2.8874,0.7145,2.1351,0.2808,75.2554,13.9459,10.3090,26.0786,3.7510,0.9360,63,31.5000,7.7720,11.3535,0.6560,0.8790,1,2000,2000
nested,42,16,1,64,480,8714,25161,12591,2.8874,1.4449,2.1351,1.0718,49.9583,13.9459,11.6938,16.1489,4.1490,0.9320,6,3.0781,0.8755,1.5530,0.6590,0.8845,1,2000,2000
nested,42,32,0,64,480,8714,22538,6104,2.5864,0.7005,2.1351,0.2808,72.9169,13.1193,10.5434,19.6349,3.6350,0.9600,63,31.5000,7.6980,14.1640,0.6450,1.0480,1,2000,2000
nested,42,32,1,64,480,8714,22538,11962,2.5864,1.3727,2.1351,1.0718,46.9252,13.1193,11.5227,12.1700,4.0900,0.9870,6,3.0781,0.8075,2.1385,0.6320,1.0390,1,2000,2000
nested,42,64,0,64,480,8714,21564,7208,2.4746,0.8272,2.1351,0.2808,66.5739,12.7434,11.0650,13.1711,3.7940,1.4070,63,31.5000,7.7550,19.8910,0.6920,1.4025,1,2000,2000
nested,42,64,1,64,480,8714,21564,12533,2.4746,1.4383,2.1351,1.0718,41.8800,12.7434,11.7124,8.0903,3.9890,1.0790,6,3.0781,0.8060,2.9775,0.6245,1.4050,1,2000,2000
nested,101,4,0,64,480,9444,31901,9588,3.3779,1.0152,2.0754,0.2615,69.9445,15.6816,10.9216,30.3538,3.8810,1.2750,63,31.5000,8.0945,9.1760,0.7170,0.8000,1,2000,2000
nested,101,4,1,64,480,9444,31901,16152,3.3779,1.7103,2.0754,1.0763,49.3684,15.6816,12.4704,20.4778,4.1010,0.8510,6,2.8438,0.8055,1.2235,0.9270,0.8080,1,2000,2000
nested,101,8,0,64,480,9444,27737,7530,2.9370,0.7973,2.0754,0.2615,72.8521,13.6524,10.3148,24.4468,4.0260,0.8940,63,31.5000,9.9735,15.8080,0.8565,1.0465,1,2000,2000
nested,101,8,1,64,480,9444,27737,14589,2.9370,1.5448,2.0754,1.0763,47.4024,13.6524,11.6077,14.9768,6.2790,0.9590,6,2.8438,0.8680,1.3195,0.6785,0.8910,1,2000,2000
nested,101,16,0,64,480,9444,25661,6427,2.7172,0.6805,2.0754,0.2615,74.9542,13.7007,10.2857,24.9256,4.3030,1.1750,63,31.5000,9.0050,12.1690,0.6290,0.8800,1,2000,2000
nested,101,16,1,64,480,9444,25661,13545,2.7172,1.4342,2.0754,1.0763,47.2156,13.7007,11.7370,14.3327,4.6650,1.1320,6,2.8438,0.7865,1.5150,0.6295,0.9120,1,2000,2000
nested,101,32,0,64,480,9444,23249,6226,2.4618,0.6593,2.0754,0.2615,73.2204,12.9573,10.4627,19.2524,4.3760,1.5190,63,31.5000,8.4470,14.8225,0.7690,1.3965,1,2000,2000
nested,101,32,1,64,480,9444,23249,12653,2.4618,1.3398,2.0754,1.0763,45.5762,12.9573,11.4592,11.5618,4.3450,1.0210,6,2.8438,0.8015,1.9355,0.6185,1.5250,1,2000,2000
nested,101,64,0,64,480,9444,22680,7321,2.4015,0.7752,2.0754,0.2615,67.7205,12.6521,10.9968,13.0827,4.0270,1.0980,63,31.5000,8.4250,20.2285,0.7875,1.4995,1,2000,2000
nested,101,64,1,64,480,9444,22680,13337,2.4015,1.4122,2.0754,1.0763,41.1949,12.6521,11.6677,7.7800,4.3320,1.0900,6,2.8438,0.8285,3.0180,0.7240,1.4290,1,2000,2000
nested,1337,4,0,64,480,9355,32064,9531,3.4275,1.0188,2.0047,0.2638,70.2751,15.7626,10.9226,30.7055,3.8550,0.8310,63,31.5000,8.2315,9.4585,0.7300,0.8595,1,2000,2000
nested,1337,4,1,64,480,9355,32064,15570,3.4275,1.6644,2.0047,1.0156,51.4409,15.7626,12.1309,23.0396,4.1460,0.8240,6,2.9375,0.7485,1.1415,0.6810,0.7460,1,2000,2000
nested,1337,8,0,64,480,9355,27914,7534,2.9839,0.8053,2.0047,0.2638,73.0100,13.7091,10.3545,24.4704,3.7970,1.5330,63,31.5000,7.9745,9.9100,0.6260,0.7880,1,2000,2000
nested,1337,8,1,64,480,9355,27914,14102,2.9839,1.5074,2.0047,1.0156,49.4805,13.7091,11.5694,15.6079,4.1230,0.8330,6,2.9375,0.7500,1.2585,0.7750,0.7900,1,2000,2000
nested,1337,16,0,64,480,9355,25226,6423,2.6965,0.6866,2.0047,0.2638,74.5382,13.6859,10.3064,24.6938,3.7950,0.9170,63,31.5000,7.7365,11.8590,0.6725,1.3790,1,2000,2000
nested,1337,16,1,64,480,9355,25226,12852,2.6965,1.3738,2.0047,1.0156,49.0526,13.6859,11.6448,14.9142,4.0750,0.9380,6,2.9375,0.8245,1.5705,0.6835,0.9105,1,2000,2000
nested,1337,32,0,64,480,9355,22833,6254,2.4407,0.6685,2.0047,0.2638,72.6098,12.9389,10.5472,18.4843,4.6500,1.0020,63,31.5000,8.0980,14.7525,0.6715,1.0500,1,2000,2000
nested,1337,32,1,64,480,9355,22833,12288,2.4407,1.3135,2.0047,1.0156,46.1832,12.9389,11.4761,11.3051,4.1470,0.9710,6,2.9375,0.7625,1.9940,0.8515,1.0430,1,2000,2000
nested,1337,64,0,64,480,9355,22129,7305,2.3655,0.7809,2.0047,0.2638,66.9890,12.6171,11.0257,12.6134,4.7000,1.5910,63,31.5000,9.1430,21.4020,0.6505,1.4780,1,2000,2000
nested,1337,64,1,64,480,9355,22129,13075,2.3655,1.3976,2.0047,1.0156,40.9146,12.6171,11.6757,7.4615,4.1840,1.0900,6,2.9375,0.9440,2.8930,0.6170,1.4540,1,2000,2000
nested,2024,4,0,64,480,10224,32516,10157,3.1804,0.9934,1.9370,0.2448,68.7631,15.2555,10.9129,28.4660,4.0340,0.8230,63,31.5000,8.3305,9.8245,0.6440,0.7730,1,2000,2000
nested,2024,4,1,64,480,10224,32516,17040,3.1804,1.6667,1.9370,1.0418,47.5950,15.2555,12.3935,18.7604,4.2260,0.8800,6,2.7656,0.8965,1.1155,0.9025,0.8355,1,2000,2000
nested,2024,8,0,64,480,10224,28494,7919,2.7870,0.7746,1.9370,0.2448,72.2082,13.3788,10.3247,22.8278,4.1390,0.8550,63,31.5000,8.4910,10.4470,0.6875,0.8275,1,2000,2000
nested,2024,8,1,64,480,10224,28494,15450,2.7870,1.5112,1.9370,1.0418,45.7781,13.3788,11.5550,13.6323,4.7570,0.8870,6,2.7656,0.7890,1.3120,0.7715,0.9320,1,2000,2000
nested,2024,16,0,64,480,10224,26243,6637,2.5668,0.6492,1.9370,0.2448,74.7094,13.4792,10.2042,24.2963,4.6120,0.9300,63,31.5000,13.8440,19.8560,2.0115,0.9990,1,2000,2000
nested,2024,16,1,64,480,10224,26243,14311,2.5668,1.3997,1.9370,1.0418,45.4674,13.4792,11.7198,13.0527,4.5450,1.0920,6,2.7656,0.9830,1.8185,1.0090,1.0720,1,2000,2000
nested,2024,32,0,64,480,10224,23693,6329,2.3174,0.6190,1.9370,0.2448,73.2875,12.7771,10.4258,18.4027,4.7680,2.3460,63,31.5000,12.1290,29.7825,0.7385,1.1645,1,2000,2000
nested,2024,32,1,64,480,10224,23693,13198,2.3174,1.2909,1.9370,1.0418,44.2958,12.7771,11.4306,10.5387,4.5540,1.0330,6,2.7656,0.9950,2.2100,0.7430,1.2410,1,2000,2000
nested,2024,64,0,64,480,10224,23091,7387,2.2585,0.7225,1.9370,0.2448,68.0092,12.4901,10.9567,12.2773,7.4270,1.5390,63,31.5000,19.3690,48.2945,1.2285,1.7180,1,2000,2000
nested,2024,64,1,64,480,10224,23091,13739,2.2585,1.3438,1.9370,1.0418,40.5006,12.4901,11.5849,7.2475,4.7900,1.1480,6,2.7656,1.3355,3.5090,0.8165,1.5515,1,2000,2000
nested,90210,4,0,64,480,9605,32676,9754,3.4020,1.0155,2.0857,0.2564,70.1493,15.6909,10.9143,30.4417,4.1540,1.1920,63,31.5000,14.7630,10.8540,0.7190,0.8990,1,2000,2000
nested,90210,4,1,64,480,9605,32676,16615,3.4020,1.7298,2.0857,1.0654,49.1523,15.6909,12.5140,20.2467,4.4610,0.8930,5,2.7344,0.8270,1.1480,1.2930,0.8405,1,2000,2000
nested,90210,8,0,64,480,9605,28932,7679,3.0122,0.7995,2.0857,0.2564,73.4585,13.7097,10.3404,24.5759,4.0600,0.8760,63,31.5000,8.7705,10.3580,0.6720,1.1785,1,2000,2000
nested,90210,8,1,64,480,9605,28932,15072,3.0122,1.5692,2.0857,1.0654,47.9054,13.7097,11.6103,15.3134,4.2660,0.8950,5,2.7344,0.7905,1.3005,0.9720,1.0755,1,2000,2000
nested,90210,16,0,64,480,9605,26468,6519,2.7556,0.6787,2.0857,0.2564,75.3703,13.7276,10.2822,25.0982,5.0100,0.9970,63,31.5000,9.3115,14.0470,0.7530,0.9875,1,2000,2000
nested,90210,16,1,64,480,9605,26468,13972,2.7556,1.4547,2.0857,1.0654,47.2117,13.7276,11.6906,14.8391,5.2230,0.9720,5,2.7344,0.7965,2.0000,0.7585,0.9350,1,2000,2000
nested,90210,32,0,64,480,9605,24099,6257,2.5090,0.6514,2.0857,0.2564,74.0363,12.9979,10.4198,19.8350,4.1730,1.0310,63,31.5000,9.6190,16.0505,0.7750,1.4590,1,2000,2000
nested,90210,32,1,64,480,9605,24099,13095,2.5090,1.3634,2.0857,1.0654,45.6616,12.9979,11.4817,11.6649,4.4420,1.0590,5,2.7344,0.8595,2.0490,0.7440,1.8110,1,2000,2000
nested,90210,64,0,64,480,9605,23429,7277,2.4393,0.7576,2.0857,0.2564,68.9402,12.6860,10.9517,13.6710,4.4890,1.1840,63,31.5000,9.3100,23.9605,0.7240,1.5600,1,2000,2000
nested,90210,64,1,64,480,9605,23429,13751,2.4393,1.4317,2.0857,1.0654,41.3078,12.6860,11.6597,8.0903,5.3690,1.1600,5,2.7344,0.8270,3.0395,0.7690,1.5565,1,2000,2000
nested,555,4,0,64,480,9462,32387,9670,3.4228,1.0220,2.0421,0.2598,70.1423,15.7520,10.9167,30.6961,5.2870,0.8740,63,31.5000,9.2360,11.1485,0.7730,1.1870,1,2000,2000
nested,555,4,1,64,480,9462,32387,16029,3.4228,1.6940,2.0421,1.0576,50.5079,15.7520,12.1780,22.6891,4.1710,0.8780,6,2.8125,0.8310,1.1845,0.7440,0.8920,1,2000,2000
nested,555,8,0,64,480,9462,28332,7628,2.9943,0.8062,2.0421,0.2598,73.0764,13.7080,10.3402,24.5681,4.9060,0.8820,63,31.5000,9.8590,12.2800,0.9690,1.1290,1,2000,2000
nested,555,8,1,64,480,9462,28332,14571,2.9943,1.5399,2.0421,1.0576,48.5705,13.7080,11.5896,15.4535,4.2860,0.8730,6,2.8125,0.8810,1.3260,0.7460,1.1025,1,2000,2000
nested,555,16,0,64,480,9462,26062,6471,2.7544,0.6839,2.0421,0.2598,75.1707,13.7368,10.3044,24.9873,4.1040,0.9620,63,31.5000,9.3470,13.0475,0.8380,0.9400,1,2000,2000
nested,555,16,1,64,480,9462,26062,13619,2.7544,1.4393,2.0421,1.0576,47.7438,13.7368,11.7067,14.7787,4.2180,0.9700,6,2.8125,0.8000,1.5540,0.9535,0.9815,1,2000,2000
nested,555,32,0,64,480,9462,23426,6233,2.4758,0.6587,2.0421,0.2598,73.3928,12.9704,10.4721,19.2616,4.0320,1.0100,63,31.5000,8.3870,15.2580,0.6895,1.1100,1,2000,2000
nested,555,32,1,64,480,9462,23426,12997,2.4758,1.3736,2.0421,1.0576,44.5189,12.9704,11.5230,11.1590,4.3310,0.9850,6,2.8125,0.8525,1.9855,0.6745,1.0830,1,2000,2000
nested,555,64,0,64,480,9462,22754,7323,2.4048,0.7739,2.0421,0.2598,67.8166,12.6544,11.0257,12.8708,4.1690,1.1290,63,31.5000,8.1020,20.2790,0.6455,1.4190,1,2000,2000
nested,555,64,1,64,480,9462,22754,13615,2.4048,1.4389,2.0421,1.0576,40.1644,12.6544,11.6973,7.5633,4.2190,1.0920,6,2.8125,0.7710,2.8670,0.6120,1.4055,1,2000,2000
independent,1,4,0,64,512,13336,40966,41738,3.0718,3.1297,2.3525,2.3525,-1.8845,15.9153,16.4627,-3.4394,9.0990,1.2370,0,0.0000,0.2975,0.4460,0.5970,0.7440,1,2000,2000
independent,1,4,1,64,512,13336,40966,41738,3.0718,3.1297,2.3525,2.3525,-1.8845,15.9153,16.4627,-3.4394,9.0470,1.2390,0,0.0000,0.3025,0.4490,0.5930,0.7350,1,2000,2000
independent,1,8,0,64,512,13336,39054,39572,2.9285,2.9673,2.3525,2.3525,-1.3264,14.3874,14.8821,-3.4388,9.2050,1.4120,0,0.0000,0.3045,0.5115,0.6020,0.8125,1,2000,2000
independent,1,8,1,64,512,13336,39054,39572,2.9285,2.9673,2.3525,2.3525,-1.3264,14.3874,14.8821,-3.4388,9.1840,1.4750,0,0.0000,0.3030,0.5115,0.5910,0.7905,1,2000,2000
independent,1,16,0,64,512,13336,36599,36927,2.7444,2.7690,2.3525,2.3525,-0.8962,13.4738,13.9387,-3.4504,9.1520,1.6260,0,0.0000,0.3165,0.6100,0.6115,0.8885,1,2000,2000
independent,1,16,1,64,512,13336,36599,36927,2.7444,2.7690,2.3525,2.3525,-0.8962,13.4738,13.9387,-3.4504,9.4490,1.6560,0,0.0000,0.3215,0.6045,0.6950,0.9590,1,2000,2000
independent,1,32,0,64,512,13336,34690,34892,2.6012,2.6164,2.3525,2.3525,-0.5823,12.9660,13.4124,-3.4433,10.4460,1.6790,0,0.0000,0.3405,0.8665,0.6355,1.2515,1,2000,2000
independent,1,32,1,64,512,13336,34690,34892,2.6012,2.6164,2.3525,2.3525,-0.5823,12.9660,13.4124,-3.4433,10.1260,1.5940,0,0.0000,0.3245,0.8700,0.6500,1.1495,1,2000,2000
independent,1,64,0,64,512,13336,33518,33642,2.5133,2.5226,2.3525,2.3525,-0.3700,12.6957,13.1318,-3.4351,9.9560,1.6960,0,0.0000,0.3505,1.2625,0.6475,1.5690,1,2000,2000
independent,1,64,1,64,512,13336,33518,33642,2.5133,2.5226,2.3525,2.3525,-0.3700,12.6957,13.1318,-3.4351,10.3340,1.7410,0,0.0000,0.3155,1.2735,0.6465,1.6615,1,2000,2000
independent,7,4,0,64,512,13663,41246,42018,3.0188,3.0753,2.3123,2.3123,-1.8717,15.8153,16.3496,-3.3783,9.6440,1.2820,0,0.0000,0.3110,0.5415,0.6705,0.8250,1,2000,2000
independent,7,4,1,64,512,13663,41246,42018,3.0188,3.0753,2.3123,2.3123,-1.8717,15.8153,16.3496,-3.3783,9.0830,1.2400,0,0.0000,0.3085,0.4725,0.8035,0.7895,1,2000,2000
independent,7,8,0,64,512,13663,39271,39789,2.8743,2.9122,2.3123,2.3123,-1.3190,14.2983,14.7812,-3.3774,9.6860,1.4170,0,0.0000,0.3300,0.6825,0.6785,0.8390,1,2000,2000
independent,7,8,1,64,512,13663,39271,39789,2.8743,2.9122,2.3123,2.3123,-1.3190,14.2983,14.7812,-3.3774,9.8540,1.4130,0,0.0000,0.3250,0.5575,0.6770,0.8460,1,2000,2000
independent,7,16,0,64,512,13663,36761,37089,2.6906,2.7146,2.3123,2.3123,-0.8922,13.4025,13.8563,-3.3858,10.0650,1.6210,0,0.0000,0.3460,0.6405,0.7040,0.9695,1,2000,2000
independent,7,16,1,64,512,13663,36761,37089,2.6906,2.7146,2.3123,2.3123,-0.8922,13.4025,13.8563,-3.3858,9.9860,1.7940,0,0.0000,0.3555,0.6350,0.6565,0.9420,1,2000,2000
independent,7,32,0,64,512,13663,34893,35095,2.5538,2.5686,2.3123,2.3123,-0.5789,12.9098,13.3456,-3.3755,10.1220,1.7110,0,0.0000,0.3240,0.8705,0.6370,1.1595,1,2000,2000
independent,7,32,1,64,512,13663,34893,35095,2.5538,2.5686,2.3123,2.3123,-0.5789,12.9098,13.3456,-3.3755,10.0790,1.7100,0,0.0000,0.3245,0.8590,0.6120,1.1135,1,2000,2000
independent,7,64,0,64,512,13663,33739,33863,2.4694,2.4784,2.3123,2.3123,-0.3675,12.6474,13.0730,-3.3657,9.7940,1.7060,0,0.0000,0.3020,1.2760,0.6300,1.5740,1,2000,2000
independent,7,64,1,64,512,13663,33739,33863,2.4694,2.4784,2.3123,2.3123,-0.3675,12.6474,13.0730,-3.3657,9.8900,1.7270,0,0.0000,0.3050,1.2595,0.6040,1.6335,1,2000,2000
independent,42,4,0,64,512,13555,41229,42001,3.0416,3.0986,2.3250,2.3250,-1.8725,15.8651,16.4036,-3.3945,8.9670,1.2410,0,0.0000,0.3005,0.4475,0.6000,0.7835,1,2000,2000
independent,42,4,1,64,512,13555,41229,42001,3.0416,3.0986,2.3250,2.3250,-1.8725,15.8651,16.4036,-3.3945,9.3100,1.2360,0,0.0000,0.2990,0.4480,0.5780,0.7805,1,2000,2000
independent,42,8,0,64,512,13555,39254,39772,2.8959,2.9341,2.3250,2.3250,-1.3196,14.3312,14.8180,-3.3965,9.1730,1.3510,0,0.0000,0.3340,0.5620,0.6375,0.7915,1,2000,2000
independent,42,8,1,64,512,13555,39254,39772,2.8959,2.9341,2.3250,2.3250,-1.3196,14.3312,14.8180,-3.3965,9.2770,1.3440,0,0.0000,0.3110,0.5125,0.6115,0.7855,1,2000,2000
independent,42,16,0,64,512,13555,36735,37063,2.7101,2.7343,2.3250,2.3250,-0.8929,13.4277,13.8851,-3.4064,9.5630,1.9960,0,0.0000,0.3930,0.7395,0.6215,1.0160,1,2000,2000
independent,42,16,1,64,512,13555,36735,37063,2.7101,2.7343,2.3250,2.3250,-0.8929,13.4277,13.8851,-3.4064,9.6090,1.5680,0,0.0000,0.3000,0.6015,0.6105,1.0050,1,2000,2000
independent,42,32,0,64,512,13555,34878,35080,2.5731,2.5880,2.3250,2.3250,-0.5792,12.9319,13.3712,-3.3966,9.3750,1.5750,0,0.0000,0.3040,0.8115,0.6560,1.1080,1,2000,2000
independent,42,32,1,64,512,13555,34878,35080,2.5731,2.5880,2.3250,2.3250,-0.5792,12.9319,13.3712,-3.3966,9.6840,1.5770,0,0.0000,0.3150,0.9000,0.6125,1.0980,1,2000,2000
independent,42,64,0,64,512,13555,33665,33789,2.4836,2.4927,2.3250,2.3250,-0.3683,12.6630,13.0921,-3.3883,9.4830,1.6710,0,0.0000,0.3840,1.3890,0.6515,1.5635,1,2000,2000
independent,42,64,1,64,512,13555,33665,33789,2.4836,2.4927,2.3250,2.3250,-0.3683,12.6630,13.0921,-3.3883,9.8260,1.7260,0,0.0000,0.3205,1.3060,0.6515,1.5965,1,2000,2000
independent,101,4,0,64,512,13858,41426,42198,2.9893,3.0450,2.2860,2.2860,-1.8636,15.7580,16.2847,-3.3429,9.8540,1.2830,0,0.0000,0.3180,0.4860,0.6350,0.7720,1,2000,2000
independent,101,4,1,64,512,13858,41426,42198,2.9893,3.0450,2.2860,2.2860,-1.8636,15.7580,16.2847,-3.3429,9.9010,1.2510,0,0.0000,0.3140,0.4785,0.6155,0.7385,1,2000,2000
independent,101,8,0,64,512,13858,39535,40053,2.8529,2.8902,2.2860,2.2860,-1.3102,14.2568,14.7329,-3.3396,9.7640,1.3740,0,0.0000,0.3030,0.5150,0.6270,0.8145,1,2000,2000
independent,101,8,1,64,512,13858,39535,40053,2.8529,2.8902,2.2860,2.2860,-1.3102,14.2568,14.7329,-3.3396,9.6040,1.3660,0,0.0000,0.3130,0.5160,0.6445,0.7810,1,2000,2000
independent,101,16,0,64,512,13858,37002,37330,2.6701,2.6938,2.2860,2.2860,-0.8864,13.3721,13.8195,-3.3457,9.7180,1.5770,0,0.0000,0.3045,0.6075,0.5940,0.8855,1,2000,2000
independent,101,16,1,64,512,13858,37002,37330,2.6701,2.6938,2.2860,2.2860,-0.8864,13.3721,13.8195,-3.3457,9.5630,1.5720,0,0.0000,0.3005,0.6060,0.5955,0.8970,1,2000,2000
independent,101,32,0,64,512,13858,35044,35246,2.5288,2.5434,2.2860,2.2860,-0.5764,12.8798,13.3094,-3.3358,9.7010,1.5940,0,0.0000,0.2945,0.8120,0.6140,1.0955,1,2000,2000
independent,101,32,1,64,512,13858,35044,35246,2.5288,2.5434,2.2860,2.2860,-0.5764,12.8798,13.3094,-3.3358,9.7370,1.6080,0,0.0000,0.2945,0.8300,0.6255,1.1035,1,2000,2000
independent,101,64,0,64,512,13858,33844,33968,2.4422,2.4511,2.2860,2.2860,-0.3664,12.6177,13.0374,-3.3262,9.8680,1.6880,0,0.0000,0.3015,1.2525,0.6100,1.6455,1,2000,2000
independent,101,64,1,64,512,13858,33844,33968,2.4422,2.4511,2.2860,2.2860,-0.3664,12.6177,13.0374,-3.3262,9.6190,1.6890,0,0.0000,0.3465,1.3475,0.6135,1.5635,1,2000,2000
independent,1337,4,0,64,512,14167,41514,42286,2.9303,2.9848,2.2482,2.2482,-1.8596,15.6454,16.1607,-3.2935,9.4270,1.2830,0,0.0000,0.3305,0.4770,0.6370,0.7410,1,2000,2000
independent,1337,4,1,64,512,14167,41514,42286,2.9303,2.9848,2.2482,2.2482,-1.8596,15.6454,16.1607,-3.2935,9.4660,1.3030,0,0.0000,0.3145,0.4520,0.6950,0.7295,1,2000,2000
independent,1337,8,0,64,512,14167,39665,40183,2.7998,2.8364,2.2482,2.2482,-1.3059,14.1731,14.6389,-3.2860,9.5950,1.3850,0,0.0000,0.3280,0.5175,0.6375,0.7990,1,2000,2000
independent,1337,8,1,64,512,14167,39665,40183,2.7998,2.8364,2.2482,2.2482,-1.3059,14.1731,14.6389,-3.2860,9.7380,1.3770,0,0.0000,0.3335,0.5655,0.6370,0.7925,1,2000,2000
independent,1337,16,0,64,512,14167,37094,37422,2.6183,2.6415,2.2482,2.2482,-0.8842,13.3050,13.7426,-3.2893,10.0260,1.6760,0,0.0000,0.3350,0.6190,0.5950,0.9005,1,2000,2000
independent,1337,16,1,64,512,14167,37094,37422,2.6183,2.6415,2.2482,2.2482,-0.8842,13.3050,13.7426,-3.2893,9.7970,1.7270,0,0.0000,0.3070,0.6380,0.6165,0.8895,1,2000,2000
independent,1337,32,0,64,512,14167,35217,35419,2.4858,2.5001,2.2482,2.2482,-0.5736,12.8292,13.2495,-3.2759,10.1360,1.6300,0,0.0000,0.3075,0.8240,0.6225,1.1135,1,2000,2000
independent,1337,32,1,64,512,14167,35217,35419,2.4858,2.5001,2.2482,2.2482,-0.5736,12.8292,13.2495,-3.2759,9.8890,1.6530,0,0.0000,0.2970,0.8170,0.5675,1.1005,1,2000,2000
independent,1337,64,0,64,512,14167,33983,34107,2.3987,2.4075,2.2482,2.2482,-0.3649,12.5704,12.9809,-3.2659,10.1890,1.7090,0,0.0000,0.2960,1.2385,0.6275,1.5260,1,2000,2000
independent,1337,64,1,64,512,14167,33983,34107,2.3987,2.4075,2.2482,2.2482,-0.3649,12.5704,12.9809,-3.2659,10.1680,1.6990,0,0.0000,0.3250,1.2780,0.5980,1.6470,1,2000,2000
independent,2024,4,0,64,512,13281,41121,41893,3.0962,3.1544,2.3641,2.3641,-1.8774,15.9635,16.5131,-3.4432,8.7290,1.2230,0,0.0000,0.3000,0.4430,0.6295,0.7375,1,2000,2000
independent,2024,4,1,64,512,13281,41121,41893,3.0962,3.1544,2.3641,2.3641,-1.8774,15.9635,16.5131,-3.4432,8.7110,1.2310,0,0.0000,0.3035,0.4580,0.6440,0.7975,1,2000,2000
independent,2024,8,0,64,512,13281,39180,39698,2.9501,2.9891,2.3641,2.3641,-1.3221,14.4150,14.9118,-3.4464,9.5740,1.3700,0,0.0000,0.3275,0.5050,0.5920,0.7845,1,2000,2000
independent,2024,8,1,64,512,13281,39180,39698,2.9501,2.9891,2.3641,2.3641,-1.3221,14.4150,14.9118,-3.4464,9.1720,1.3310,0,0.0000,0.3155,0.5260,0.6150,0.7860,1,2000,2000
independent,2024,16,0,64,512,13281,36664,36992,2.7606,2.7853,2.3641,2.3641,-0.8946,13.4931,13.9599,-3.4598,9.1970,1.5370,0,0.0000,0.3075,0.6010,0.5990,0.9170,1,2000,2000
independent,2024,16,1,64,512,13281,36664,36992,2.7606,2.7853,2.3641,2.3641,-0.8946,13.4931,13.9599,-3.4598,9.2320,1.5360,0,0.0000,0.3070,0.6010,0.6120,0.8845,1,2000,2000
independent,2024,32,0,64,512,13281,34763,34965,2.6175,2.6327,2.3641,2.3641,-0.5811,12.9837,13.4320,-3.4529,9.1430,1.5550,0,0.0000,0.3000,0.8000,0.6025,1.0855,1,2000,2000
independent,2024,32,1,64,512,13281,34763,34965,2.6175,2.6327,2.3641,2.3641,-0.5811,12.9837,13.4320,-3.4529,9.1670,1.5560,0,0.0000,0.2985,0.8010,0.6030,1.0935,1,2000,2000
independent,2024,64,0,64,512,13281,33605,33729,2.5303,2.5396,2.3641,2.3641,-0.3690,12.7134,13.1513,-3.4445,9.2780,1.7030,0,0.0000,0.2970,1.2185,0.5850,1.5955,1,2000,2000
independent,2024,64,1,64,512,13281,33605,33729,2.5303,2.5396,2.3641,2.3641,-0.3690,12.7134,13.1513,-3.4445,9.3010,1.6550,0,0.0000,0.2995,1.2655,0.6240,1.5490,1,2000,2000
independent,90210,4,0,64,512,13330,41356,42128,3.1025,3.1604,2.3561,2.3561,-1.8667,15.9736,16.5212,-3.4284,8.7620,1.2400,0,0.0000,0.2985,0.5160,0.6165,0.7285,1,2000,2000
independent,90210,4,1,64,512,13330,41356,42128,3.1025,3.1604,2.3561,2.3561,-1.8667,15.9736,16.5212,-3.4284,8.7940,1.2430,0,0.0000,0.2985,0.4435,0.6330,0.7580,1,2000,2000
independent,90210,8,0,64,512,13330,39320,39838,2.9497,2.9886,2.3561,2.3561,-1.3174,14.4093,14.9043,-3.4351,9.0530,1.3380,0,0.0000,0.2960,0.5090,0.6225,0.9270,1,2000,2000
independent,90210,8,1,64,512,13330,39320,39838,2.9497,2.9886,2.3561,2.3561,-1.3174,14.4093,14.9043,-3.4351,9.1220,1.3340,0,0.0000,0.2985,0.5105,0.6050,0.9440,1,2000,2000
independent,90210,16,0,64,512,13330,36743,37071,2.7564,2.7810,2.3561,2.3561,-0.8927,13.4862,13.9513,-3.4488,9.2750,1.5550,0,0.0000,0.3075,0.6135,0.5875,1.0320,1,2000,2000
independent,90210,16,1,64,512,13330,36743,37071,2.7564,2.7810,2.3561,2.3561,-0.8927,13.4862,13.9513,-3.4488,9.1610,1.6160,0,0.0000,0.3045,0.6065,0.5920,0.9975,1,2000,2000
independent,90210,32,0,64,512,13330,34755,34957,2.6073,2.6224,2.3561,2.3561,-0.5812,12.9722,13.4188,-3.4432,9.2700,1.5800,0,0.0000,0.3025,0.8050,0.6500,1.1100,1,2000,2000
independent,90210,32,1,64,512,13330,34755,34957,2.6073,2.6224,2.3561,2.3561,-0.5812,12.9722,13.4188,-3.4432,9.1110,1.5560,0,0.0000,0.3095,0.8555,0.6325,1.0980,1,2000,2000
independent,90210,64,0,64,512,13330,33573,33697,2.5186,2.5279,2.3561,2.3561,-0.3693,12.7011,13.1374,-3.4352,9.1750,1.6540,0,0.0000,0.2980,1.2695,0.6070,1.5190,1,2000,2000
independent,90210,64,1,64,512,13330,33573,33697,2.5186,2.5279,2.3561,2.3561,-0.3693,12.7011,13.1374,-3.4352,9.2880,1.7490,0,0.0000,0.3135,1.2285,0.6240,1.5235,1,2000,2000
independent,555,4,0,64,512,13431,41284,42056,3.0738,3.1313,2.3432,2.3432,-1.8700,15.9162,16.4597,-3.4149,9.0560,1.2470,0,0.0000,0.3095,0.4540,0.5995,0.7350,1,2000,2000
independent,555,4,1,64,512,13431,41284,42056,3.0738,3.1313,2.3432,2.3432,-1.8700,15.9162,16.4597,-3.4149,9.0050,1.2510,0,0.0000,0.3130,0.4485,0.5990,0.7280,1,2000,2000
independent,555,8,0,64,512,13431,39274,39792,2.9241,2.9627,2.3432,2.3432,-1.3189,14.3727,14.8640,-3.4179,9.0640,1.5120,0,0.0000,0.3085,0.5170,0.5895,0.8045,1,2000,2000
independent,555,8,1,64,512,13431,39274,39792,2.9241,2.9627,2.3432,2.3432,-1.3189,14.3727,14.8640,-3.4179,9.0910,1.4560,0,0.0000,0.3475,0.5185,0.6025,0.8035,1,2000,2000
independent,555,16,0,64,512,13431,36734,37062,2.7350,2.7594,2.3432,2.3432,-0.8929,13.4593,13.9209,-3.4297,9.4200,1.6570,0,0.0000,0.3065,0.6045,0.6525,0.9180,1,2000,2000
independent,555,16,1,64,512,13431,36734,37062,2.7350,2.7594,2.3432,2.3432,-0.8929,13.4593,13.9209,-3.4297,9.4950,1.6340,0,0.0000,0.3045,0.6085,0.6015,0.8820,1,2000,2000
independent,555,32,0,64,512,13431,34830,35032,2.5933,2.6083,2.3432,2.3432,-0.5800,12.9554,13.3987,-3.4218,9.5320,1.6440,0,0.0000,0.3005,0.8065,0.6095,1.0945,1,2000,2000
independent,555,32,1,64,512,13431,34830,35032,2.5933,2.6083,2.3432,2.3432,-0.5800,12.9554,13.3987,-3.4218,9.5240,1.5940,0,0.0000,0.3140,0.8055,0.5855,1.0955,1,2000,2000
independent,555,64,0,64,512,13431,33612,33736,2.5026,2.5118,2.3432,2.3432,-0.3689,12.6836,13.1167,-3.4141,9.4890,1.6610,0,0.0000,0.2990,1.2180,0.5955,1.5160,1,2000,2000
independent,555,64,1,64,512,13431,33612,33736,2.5026,2.5118,2.3432,2.3432,-0.3689,12.6836,13.1167,-3.4141,9.4530,1.6600,0,0.0000,0.2995,1.2520,0.6195,1.5225,1,2000,2000
